Location,BHK,Total_Area_Sqft,Condition,Furnishing,Floor_Level,Nearby_Amenities_Score,Price_Per_Sqft,Estimated_Price,Property_Age,Total_Floors,Has_Parking,Balcony_View,Year_Of_Sale
SG Highway,1,1459,New,Fully-Furnished,Ground,4,7260,10592340,12,14,1,Park,2022
Naranpura,3,1906,Resale,Unfurnished,2nd,8,4608,8783705,23,4,1,Road,2024
Satellite,1,751,Resale,Fully-Furnished,2nd,5,7298,5481008,3,3,0,Lake,2022
South Bopal,1,1034,Under Construction,Semi-Furnished,2nd,10,4097,4235858,15,16,0,Park,2025
Naranpura,3,2225,New,Unfurnished,3rd,9,5859,13036275,7,14,0,None,2024
Chandkheda,4,2363,Resale,Fully-Furnished,1st,2,4273,10097110,13,10,1,None,2022
Shela,2,1055,New,Unfurnished,Ground,10,3692,3895060,29,4,1,Road,2025
Maninagar,1,569,Resale,Unfurnished,Ground,4,5016,2854104,12,15,1,Park,2024
Satellite,4,500,Resale,Semi-Furnished,Ground,10,7110,3555090,1,6,0,Road,2021
Satellite,2,1898,Resale,Unfurnished,Ground,2,5540,10515679,19,12,1,Park,2022
Nikol,4,1959,New,Fully-Furnished,4th,1,3947,7731781,22,16,0,None,2025
SG Highway,2,2440,Resale,Semi-Furnished,4th,7,6808,16611367,9,7,1,Lake,2021
Naranpura,4,1361,Resale,Fully-Furnished,3rd,1,5069,6899310,23,3,0,Lake,2022
Maninagar,4,506,New,Fully-Furnished,4th,7,5346,2705076,19,19,1,None,2023
Nikol,4,2087,Resale,Semi-Furnished,3rd,2,4176,8714341,9,7,0,None,2024
SG Highway,4,535,New,Fully-Furnished,5th+,3,6022,3222037,27,10,1,None,2023
Thaltej,1,1435,Under Construction,Unfurnished,3rd,3,5216,7485533,16,8,1,Park,2021
Naranpura,4,2464,New,Semi-Furnished,2nd,3,6020,14832417,9,13,0,Road,2025
SG Highway,4,1726,New,Semi-Furnished,2nd,8,7875,13592250,0,5,1,Road,2023
South Bopal,1,972,Resale,Semi-Furnished,3rd,6,3612,3510812,29,18,0,Lake,2021
Shela,4,515,New,Fully-Furnished,4th,4,5434,2798510,5,12,1,Park,2024
Nikol,2,986,Under Construction,Unfurnished,2nd,3,4099,4041219,1,16,0,Park,2022
Nikol,1,1374,Resale,Semi-Furnished,4th,3,3579,4917587,22,4,0,Park,2022
Chandkheda,1,1671,Under Construction,Fully-Furnished,3rd,7,3955,6608888,15,19,0,Park,2022
Naranpura,2,478,New,Fully-Furnished,3rd,4,5683,2716282,18,15,0,None,2022
Gota,3,2377,Under Construction,Semi-Furnished,5th+,2,3720,8841299,18,13,1,Road,2024
Naranpura,2,1776,Under Construction,Semi-Furnished,Ground,8,5358,9516074,10,13,1,Park,2025
Shela,3,2199,Under Construction,Unfurnished,3rd,4,3884,8541795,17,15,0,Lake,2025
Shela,2,2250,Resale,Unfurnished,5th+,1,3705,8336250,25,19,1,Lake,2021
Naranpura,2,1212,New,Unfurnished,5th+,1,5229,6337548,17,4,1,None,2025
South Bopal,3,1827,Under Construction,Semi-Furnished,Ground,3,3518,6427815,27,10,1,Road,2022
Gota,1,1046,Under Construction,Unfurnished,5th+,1,3024,3163104,30,8,0,Park,2021
Shela,3,639,Resale,Fully-Furnished,3rd,4,5054,3229263,7,20,1,None,2025
Bopal,4,1815,New,Fully-Furnished,Ground,2,5566,10102290,8,20,1,None,2022
Satellite,4,2050,Resale,Fully-Furnished,3rd,4,7148,14652990,5,12,0,Road,2021
Naranpura,2,1954,Under Construction,Semi-Furnished,Ground,3,4763,9306511,20,5,1,None,2024
Shela,4,1594,Under Construction,Fully-Furnished,2nd,5,4530,7221202,12,17,1,Lake,2022
South Bopal,4,2320,New,Semi-Furnished,3rd,1,5248,12175128,2,12,1,None,2025
SG Highway,3,2007,Resale,Unfurnished,5th+,5,5486,11010903,23,14,0,Lake,2021
Satellite,1,1270,Resale,Semi-Furnished,4th,1,5602,7114489,22,18,1,None,2024
Chandkheda,2,833,New,Fully-Furnished,Ground,4,4084,3402221,21,4,1,Road,2025
Nikol,3,2345,Resale,Unfurnished,2nd,8,3889,9120408,11,11,0,Road,2021
Satellite,3,1467,Resale,Fully-Furnished,1st,7,5718,8388658,24,11,1,None,2022
Satellite,3,665,New,Fully-Furnished,4th,3,6653,4424112,16,19,1,Road,2021
Nikol,2,1477,Under Construction,Semi-Furnished,2nd,5,3695,5457441,15,3,1,None,2024
Chandkheda,4,2021,Under Construction,Fully-Furnished,2nd,4,4002,8087193,14,5,0,Road,2025
Thaltej,2,525,Resale,Semi-Furnished,5th+,6,6676,3505040,3,9,1,Park,2022
SG Highway,1,845,Resale,Semi-Furnished,5th+,8,6135,5183758,18,4,1,Road,2025
Gota,4,446,New,Fully-Furnished,1st,2,4013,1789708,24,18,0,None,2023
Shela,2,550,Resale,Unfurnished,5th+,10,4940,2717000,0,3,0,Park,2021
Nikol,2,1856,Resale,Unfurnished,3rd,9,4283,7948505,2,12,0,None,2021
SG Highway,4,1307,Resale,Fully-Furnished,2nd,4,7132,9321687,9,12,0,None,2021
Bopal,2,1583,Resale,Unfurnished,4th,3,4964,7857616,5,16,1,Lake,2025
South Bopal,4,581,Resale,Fully-Furnished,4th,5,4956,2879688,7,12,1,None,2023
Naranpura,4,1171,Resale,Semi-Furnished,Ground,3,5467,6402205,13,14,1,Lake,2025
Chandkheda,1,1428,New,Semi-Furnished,Ground,4,4688,6694821,5,13,1,Road,2021
Shela,1,1624,New,Fully-Furnished,4th,8,4633,7524316,19,6,1,Lake,2023
South Bopal,3,946,New,Fully-Furnished,2nd,7,4768,4511001,15,20,0,None,2021
Chandkheda,1,1347,Resale,Fully-Furnished,4th,7,4519,6086527,8,7,1,Road,2021
Thaltej,1,2238,Resale,Fully-Furnished,2nd,10,5768,12909679,20,13,0,None,2022
Naranpura,2,2248,Under Construction,Unfurnished,2nd,8,5386,12108852,5,18,0,None,2025
Chandkheda,2,2177,Under Construction,Fully-Furnished,Ground,7,4234,9217918,9,10,0,Park,2021
Naranpura,2,1933,Resale,Fully-Furnished,3rd,10,4608,8908133,30,3,0,Road,2025
Gota,1,1741,Under Construction,Semi-Furnished,Ground,6,3357,5843910,26,20,0,Road,2025
Maninagar,1,826,Resale,Unfurnished,2nd,5,5643,4661118,1,17,0,Lake,2024
Vastrapur,4,1109,Resale,Fully-Furnished,1st,10,5472,6068026,23,4,0,None,2025
Bopal,2,1475,Resale,Fully-Furnished,1st,5,5173,7629806,10,19,1,Road,2021
Maninagar,4,852,Resale,Fully-Furnished,Ground,8,4828,4113370,23,12,0,Park,2022
SG Highway,3,1570,New,Semi-Furnished,1st,7,7796,12240112,1,5,1,None,2021
Shela,4,2345,Under Construction,Unfurnished,Ground,2,4259,9986886,9,17,0,Lake,2024
Bopal,4,2176,Resale,Semi-Furnished,3rd,10,5267,11460556,4,5,1,Park,2021
Chandkheda,1,605,Under Construction,Fully-Furnished,4th,9,3769,2280202,19,7,1,Road,2021
Chandkheda,2,974,Resale,Unfurnished,2nd,3,3349,3261682,25,3,1,Park,2022
Naranpura,1,1193,New,Unfurnished,4th,10,4599,5486607,27,6,1,Lake,2021
Vastrapur,2,534,Under Construction,Unfurnished,2nd,3,5875,3137356,4,4,1,Park,2023
Vastrapur,4,2246,Resale,Semi-Furnished,1st,10,5426,12187694,20,16,0,Lake,2024
South Bopal,4,1432,Under Construction,Semi-Furnished,3rd,7,4820,6901524,0,17,0,Park,2022
Satellite,1,2494,Under Construction,Fully-Furnished,2nd,8,5417,13510696,24,5,0,Lake,2021
Nikol,2,1203,Under Construction,Unfurnished,4th,7,3726,4482378,10,20,0,Lake,2024
Maninagar,3,1643,New,Unfurnished,3rd,2,5160,8477880,14,9,1,Park,2025
SG Highway,2,900,New,Fully-Furnished,2nd,10,6848,6162750,17,5,1,Lake,2022
Vastrapur,3,651,Resale,Unfurnished,Ground,1,5233,3406422,19,7,0,None,2023
Nikol,1,1572,Under Construction,Semi-Furnished,5th+,6,4304,6765149,1,8,1,Lake,2023
Bopal,1,656,New,Semi-Furnished,5th+,8,5313,3485328,8,9,1,None,2024
Chandkheda,3,1615,Under Construction,Semi-Furnished,1st,1,3997,6455720,10,4,1,Lake,2024
Gota,1,2318,Under Construction,Fully-Furnished,5th+,8,4039,9362865,15,18,0,Lake,2022
Gota,2,1207,Resale,Semi-Furnished,1st,1,3495,4218754,27,3,0,Road,2021
Naranpura,1,2459,New,Semi-Furnished,2nd,8,5821,14314330,12,14,1,Road,2025
Thaltej,2,1588,New,Unfurnished,Ground,4,4899,7779612,29,9,1,Road,2022
Nikol,2,1515,Resale,Fully-Furnished,1st,9,4086,6190214,15,9,1,Road,2025
Naranpura,2,1549,Under Construction,Fully-Furnished,3rd,2,4865,7535668,22,16,1,None,2023
Bopal,4,822,New,Semi-Furnished,1st,5,5602,4604638,3,8,1,Lake,2023
Nikol,3,989,New,Semi-Furnished,3rd,8,4782,4729101,1,20,1,Park,2023
Shela,4,2111,Under Construction,Unfurnished,2nd,5,3884,8199968,17,18,1,None,2022
Maninagar,3,909,Under Construction,Semi-Furnished,5th+,2,5046,4587086,11,5,0,Lake,2022
Bopal,2,2418,New,Semi-Furnished,5th+,7,4331,10472962,25,14,0,Lake,2022
Gota,3,766,Resale,Fully-Furnished,5th+,8,4966,3803833,1,20,1,Park,2024
SG Highway,4,421,Under Construction,Unfurnished,4th,9,6750,2841750,0,17,1,Park,2023
Gota,2,2197,Resale,Fully-Furnished,2nd,9,3662,8044710,27,3,1,None,2025
Satellite,2,1469,Resale,Fully-Furnished,3rd,8,6922,10168535,8,6,1,None,2024
Satellite,1,2149,Under Construction,Fully-Furnished,Ground,2,5346,11488554,25,19,1,Road,2023
Satellite,1,1297,New,Semi-Furnished,1st,2,6426,8334522,15,20,1,Lake,2022
Nikol,3,2164,Resale,Unfurnished,3rd,6,4283,9267546,2,19,0,Park,2023
Shela,1,1169,Resale,Unfurnished,Ground,5,3952,4619888,20,13,0,Park,2021
Satellite,2,1431,New,Semi-Furnished,1st,5,7258,10385625,4,8,0,Road,2025
Thaltej,1,2207,New,Fully-Furnished,2nd,5,6224,13735926,18,12,1,None,2023
Nikol,2,2477,New,Unfurnished,1st,7,3450,8545650,25,20,1,Lake,2022
South Bopal,4,936,Under Construction,Fully-Furnished,3rd,8,4898,4584088,3,10,0,None,2023
Gota,2,1070,Resale,Fully-Furnished,5th+,9,3912,4186353,22,11,1,None,2024
Chandkheda,2,943,Resale,Fully-Furnished,4th,4,4519,4261020,8,17,0,None,2021
Satellite,1,1259,Resale,Semi-Furnished,3rd,6,5746,7233710,20,9,0,Lake,2022
Chandkheda,1,1170,Under Construction,Unfurnished,2nd,9,4018,4701645,5,9,0,Road,2024
SG Highway,4,1283,Resale,Unfurnished,2nd,7,4988,6398962,30,11,1,Park,2024
Thaltej,1,1319,Resale,Unfurnished,5th+,2,6424,8473124,2,14,1,Park,2022
Satellite,1,741,Under Construction,Fully-Furnished,4th,4,5560,4119841,22,19,0,None,2025
Nikol,2,737,New,Fully-Furnished,1st,3,3542,2610454,30,12,0,Park,2023
Naranpura,1,1672,Resale,Fully-Furnished,1st,5,5201,8696013,21,12,1,Lake,2021
Naranpura,3,517,Under Construction,Semi-Furnished,2nd,5,4346,2246910,27,18,1,None,2021
Shela,3,1958,Resale,Fully-Furnished,5th+,8,4293,8405419,21,16,1,None,2023
SG Highway,3,671,Resale,Fully-Furnished,2nd,4,5800,3891632,26,3,1,Park,2025
Bopal,2,921,New,Fully-Furnished,4th,1,4477,4123317,26,10,1,None,2023
Chandkheda,2,1930,Resale,Fully-Furnished,4th,10,4862,9384403,1,19,1,Lake,2023
Satellite,4,1538,Under Construction,Fully-Furnished,1st,2,7128,10962864,0,9,0,Road,2024
Nikol,3,1043,Under Construction,Unfurnished,1st,10,2898,3022614,30,3,1,Lake,2021
Nikol,3,2144,Under Construction,Fully-Furnished,1st,7,3233,6932280,29,16,1,Road,2024
Maninagar,2,2254,New,Semi-Furnished,2nd,2,6111,13774194,3,13,1,Park,2021
SG Highway,1,1969,New,Fully-Furnished,Ground,4,8168,16081807,1,8,1,Park,2021
Satellite,4,1328,New,Semi-Furnished,3rd,10,7484,9939283,1,4,1,Lake,2021
Maninagar,4,2277,Resale,Fully-Furnished,2nd,7,6082,13848486,3,5,0,Park,2023
Nikol,2,1142,Resale,Semi-Furnished,4th,2,3441,3930050,25,15,0,Road,2025
Gota,1,1400,New,Semi-Furnished,Ground,10,3679,5150880,27,19,1,Lake,2024
Maninagar,3,2327,Resale,Unfurnished,4th,4,4218,9815286,26,6,1,Road,2025
Thaltej,2,1340,Resale,Fully-Furnished,5th+,2,5336,7149931,26,14,0,Park,2021
Thaltej,3,1561,New,Semi-Furnished,Ground,1,6158,9613028,15,12,0,None,2023
Bopal,2,1032,Under Construction,Unfurnished,1st,7,3614,3729132,27,13,0,Lake,2025
Shela,3,2407,New,Fully-Furnished,5th+,4,4519,10876751,21,9,0,Road,2024
Naranpura,3,501,Under Construction,Fully-Furnished,3rd,2,5177,2593531,17,13,0,Lake,2022
Satellite,3,2458,Under Construction,Fully-Furnished,4th,9,6558,16118974,8,9,0,Road,2025
Chandkheda,4,1096,New,Unfurnished,Ground,4,4700,5151200,0,20,1,None,2023
Shela,2,1195,Under Construction,Unfurnished,4th,3,4306,5145192,8,3,1,Road,2023
South Bopal,3,2268,Under Construction,Unfurnished,4th,1,3810,8640399,17,20,1,Road,2022
Satellite,4,650,Resale,Semi-Furnished,5th+,7,5458,3547908,24,3,0,Lake,2023
Vastrapur,3,1561,Under Construction,Unfurnished,2nd,9,5508,8597988,10,20,1,Park,2021
SG Highway,3,447,New,Unfurnished,1st,8,7500,3352500,0,16,0,Road,2024
Satellite,1,2311,Resale,Fully-Furnished,3rd,10,6696,15475287,11,16,1,Park,2021
South Bopal,4,1861,Resale,Semi-Furnished,4th,10,4884,9088677,4,17,1,Park,2023
Chandkheda,4,460,New,Fully-Furnished,2nd,5,4653,2140380,10,6,1,Road,2022
Vastrapur,4,1130,New,Semi-Furnished,4th,7,6926,7826154,3,5,1,Road,2025
Maninagar,4,1051,Under Construction,Unfurnished,3rd,3,5184,5448384,4,9,1,Road,2025
Chandkheda,4,1127,Under Construction,Unfurnished,3rd,6,3596,4052128,15,20,1,Road,2022
Chandkheda,3,1502,Resale,Semi-Furnished,Ground,8,4360,6548828,7,10,1,Lake,2023
South Bopal,1,1703,Resale,Fully-Furnished,Ground,6,4956,8440808,7,19,0,Road,2023
Gota,4,492,Resale,Unfurnished,4th,8,4560,2243520,0,6,1,None,2023
Nikol,1,1371,Under Construction,Semi-Furnished,3rd,4,3782,5184971,13,6,1,Lake,2025
SG Highway,4,872,New,Semi-Furnished,3rd,4,6300,5493600,20,14,0,Road,2021
Chandkheda,3,1073,Resale,Fully-Furnished,5th+,10,3635,3899829,26,4,1,None,2025
SG Highway,3,823,Resale,Unfurnished,3rd,2,5771,4749738,19,5,1,None,2024
Chandkheda,3,1190,Resale,Semi-Furnished,3rd,2,4688,5579017,0,6,0,Lake,2023
Chandkheda,3,1508,Under Construction,Fully-Furnished,1st,6,3304,4981874,29,17,1,Road,2021
Nikol,2,1383,Resale,Fully-Furnished,Ground,3,3605,4986060,25,7,1,Park,2022
Bopal,1,2156,New,Semi-Furnished,2nd,7,5082,10956792,12,6,1,None,2021
Chandkheda,2,589,Resale,Unfurnished,2nd,10,3170,1867218,29,4,0,None,2024
Gota,3,2394,New,Fully-Furnished,3rd,6,4066,9733046,23,9,0,Road,2022
Shela,2,442,Resale,Fully-Furnished,2nd,3,3858,1705297,29,10,1,None,2024
Bopal,2,2009,Under Construction,Unfurnished,2nd,8,3762,7557858,24,20,0,None,2022
Bopal,3,1722,Resale,Fully-Furnished,4th,1,5633,9699251,2,16,0,Park,2023
Shela,1,1404,Under Construction,Fully-Furnished,3rd,10,4118,5782233,20,8,0,Lake,2022
Nikol,4,524,New,Unfurnished,1st,8,4048,2121152,12,8,1,None,2025
Thaltej,2,2002,Resale,Unfurnished,Ground,10,4588,9186177,30,6,0,None,2023
Naranpura,1,2339,Under Construction,Unfurnished,2nd,9,5046,11803295,11,7,1,Park,2024
Maninagar,2,1186,Resale,Fully-Furnished,1st,8,4765,5651527,24,4,1,None,2023
Thaltej,1,1964,Resale,Semi-Furnished,3rd,10,5369,10543822,22,10,0,Road,2025
Shela,3,966,Resale,Fully-Furnished,Ground,9,3967,3831948,27,13,1,Park,2021
Maninagar,1,693,Resale,Unfurnished,2nd,2,4047,2804571,29,17,0,Road,2021
Satellite,4,442,Under Construction,Semi-Furnished,1st,8,5443,2405894,20,10,0,Park,2025
Naranpura,1,1975,New,Semi-Furnished,Ground,3,4763,9406530,28,14,0,Lake,2024
Vastrapur,1,2296,New,Unfurnished,1st,8,6664,15300544,2,9,0,None,2024
Gota,2,2300,Resale,Semi-Furnished,3rd,4,4501,10351655,6,6,1,None,2022
Nikol,2,1594,New,Semi-Furnished,Ground,5,4347,6929118,10,17,0,Lake,2024
Shela,3,2272,Under Construction,Unfurnished,Ground,8,3557,8081049,24,10,1,None,2024
Naranpura,4,886,New,Unfurnished,2nd,8,6174,5470164,2,9,0,Lake,2023
Gota,4,2298,New,Fully-Furnished,2nd,5,4435,10192089,16,16,0,Lake,2025
Gota,1,612,Resale,Unfurnished,1st,7,3192,1953504,30,5,1,Lake,2022
SG Highway,2,628,Under Construction,Unfurnished,5th+,10,6345,3984660,6,7,0,Lake,2024
Gota,2,1605,Under Construction,Semi-Furnished,4th,7,3992,6406646,12,10,1,Lake,2023
Naranpura,4,1908,Under Construction,Semi-Furnished,2nd,9,4584,8746644,23,9,1,Park,2024
Gota,1,929,New,Fully-Furnished,1st,7,5016,4659864,5,5,1,Park,2024
Satellite,4,2038,New,Fully-Furnished,5th+,8,6732,13719816,15,20,1,Road,2023
Nikol,4,2457,Resale,Unfurnished,5th+,1,3365,8267559,23,11,1,None,2022
Vastrapur,4,2302,Resale,Semi-Furnished,1st,5,5359,12335428,21,4,0,Lake,2021
Maninagar,1,2217,New,Semi-Furnished,5th+,1,4662,10335654,26,13,1,None,2025
Gota,1,2303,New,Fully-Furnished,3rd,9,5227,12038241,1,13,0,Park,2021
Naranpura,2,2087,Under Construction,Semi-Furnished,3rd,7,4406,9194466,26,13,0,Road,2025
Naranpura,2,2406,Under Construction,Semi-Furnished,4th,5,4465,10743090,25,12,0,Lake,2025
Bopal,3,2058,New,Fully-Furnished,1st,5,5990,12326391,1,3,1,None,2024
Naranpura,1,848,Resale,Unfurnished,4th,1,4489,3806460,25,4,0,Park,2025
Bopal,1,1216,Under Construction,Fully-Furnished,Ground,1,4410,5363107,19,5,0,None,2021
Shela,3,1185,Resale,Unfurnished,5th+,2,3705,4390425,25,5,1,None,2022
South Bopal,3,1926,Under Construction,Fully-Furnished,5th+,7,4898,9432642,3,13,0,Lake,2024
Gota,1,1050,Resale,Fully-Furnished,5th+,7,3963,4160772,21,11,0,Park,2022
Maninagar,1,1784,New,Semi-Furnished,5th+,9,5670,10115280,10,20,1,Road,2023
Vastrapur,4,1005,New,Fully-Furnished,5th+,6,6657,6690486,11,9,1,Park,2021
Vastrapur,2,2253,New,Unfurnished,5th+,3,5032,11337096,26,11,0,Lake,2025
SG Highway,1,1311,Under Construction,Fully-Furnished,2nd,3,5198,6813922,30,5,1,Lake,2025
Maninagar,2,2146,Resale,Fully-Furnished,2nd,3,4828,10360673,23,7,0,Road,2023
Vastrapur,1,1991,Under Construction,Fully-Furnished,1st,3,4847,9650456,28,3,0,Park,2024
Gota,1,970,New,Semi-Furnished,Ground,8,4788,4644360,5,16,0,Road,2024
Vastrapur,2,1270,Under Construction,Semi-Furnished,2nd,3,4627,5875934,28,15,0,None,2022
Bopal,1,1126,Under Construction,Semi-Furnished,4th,6,4054,4564860,22,14,0,Road,2024
Bopal,2,1209,New,Semi-Furnished,3rd,10,5313,6423417,8,17,0,Park,2022
Thaltej,3,2223,Under Construction,Semi-Furnished,3rd,10,4760,10581402,27,5,0,Lake,2025
Maninagar,3,933,Resale,Fully-Furnished,5th+,9,4703,4387432,25,12,0,Park,2021
Maninagar,2,473,Resale,Semi-Furnished,Ground,3,4608,2179796,23,9,0,Lake,2023
SG Highway,2,2294,Under Construction,Fully-Furnished,5th+,10,6534,14988996,12,15,1,None,2025
Nikol,3,1195,Under Construction,Semi-Furnished,Ground,5,3434,4103785,21,20,1,None,2023
Naranpura,2,2425,New,Unfurnished,1st,6,5481,13291425,13,16,1,None,2022
South Bopal,4,1683,Under Construction,Unfurnished,2nd,6,3305,5561978,28,12,0,Lake,2022
Gota,2,1034,New,Unfurnished,Ground,4,4320,4466880,10,19,0,Road,2025
Gota,2,1986,Under Construction,Fully-Furnished,3rd,1,4704,9343097,1,3,1,Park,2025
Bopal,4,1074,Resale,Fully-Furnished,2nd,1,4770,5123436,17,6,1,Lake,2023
Naranpura,1,1123,New,Unfurnished,Ground,4,5607,6296661,11,12,1,Park,2022
Satellite,2,1499,New,Semi-Furnished,5th+,4,6880,10312520,9,20,1,Road,2025
South Bopal,1,1763,Under Construction,Semi-Furnished,3rd,1,4579,8071939,5,6,1,None,2023
Thaltej,2,550,Resale,Unfurnished,2nd,9,6162,3388935,6,17,0,None,2021
Gota,2,771,Resale,Semi-Furnished,4th,6,3447,2657914,28,7,1,None,2023
Shela,3,835,Resale,Fully-Furnished,4th,6,5054,4219772,7,6,1,Road,2024
Gota,2,1021,Under Construction,Fully-Furnished,Ground,8,4609,4706238,3,4,0,None,2021
Shela,1,1229,Resale,Fully-Furnished,5th+,9,4184,5142357,23,6,0,Road,2021
Vastrapur,1,1166,Under Construction,Fully-Furnished,Ground,3,5251,6122619,22,10,0,Lake,2025
Thaltej,1,1844,Under Construction,Semi-Furnished,1st,1,4695,8657137,28,13,1,Lake,2024
Thaltej,2,1856,Resale,Fully-Furnished,Ground,5,7211,13382688,0,12,0,Park,2025
South Bopal,3,668,Resale,Semi-Furnished,4th,7,4782,3194386,6,14,0,Lake,2022
Thaltej,3,408,Under Construction,Fully-Furnished,2nd,2,4918,2006674,28,12,0,Road,2021
Nikol,4,2400,Under Construction,Semi-Furnished,5th+,9,3521,8450568,19,9,1,Park,2023
Vastrapur,1,671,New,Fully-Furnished,4th,7,7181,4818316,4,17,0,Park,2021
South Bopal,4,661,Resale,Fully-Furnished,5th+,6,5010,3311431,6,17,1,None,2025
SG Highway,4,1636,Under Construction,Unfurnished,1st,6,5805,9496980,14,4,1,Park,2023
Satellite,1,1119,Resale,Fully-Furnished,4th,9,5643,6314517,25,7,1,Lake,2025
Nikol,2,1976,Under Construction,Semi-Furnished,Ground,3,3608,7129427,17,5,1,Park,2024
Naranpura,3,2445,Resale,Unfurnished,1st,10,5985,14633325,0,16,0,Road,2024
Satellite,4,1708,Resale,Fully-Furnished,3rd,1,7223,12336952,4,13,0,Road,2025
Chandkheda,1,2475,Resale,Semi-Furnished,5th+,9,4641,11487384,1,13,0,Lake,2022
Nikol,3,878,Under Construction,Semi-Furnished,2nd,1,3391,2976999,22,10,0,Road,2025
Naranpura,4,619,Under Construction,Fully-Furnished,1st,4,5052,3127169,19,20,1,Lake,2025
Satellite,3,442,Resale,Unfurnished,3rd,2,6224,2751184,9,16,1,Road,2024
Maninagar,2,1116,Under Construction,Unfurnished,3rd,6,4320,4821120,20,7,0,Park,2021
Vastrapur,3,892,Under Construction,Unfurnished,5th+,2,4835,4312641,21,6,0,Lake,2021
Thaltej,1,2235,New,Unfurnished,4th,6,6003,13416705,13,11,1,Road,2023
Maninagar,2,1236,Under Construction,Fully-Furnished,2nd,4,5168,6387400,13,7,0,Road,2024
SG Highway,3,1228,Under Construction,Fully-Furnished,3rd,7,7202,8844363,3,13,0,Park,2025
Satellite,4,2177,Resale,Semi-Furnished,3rd,8,6679,14540749,7,12,1,Road,2023
Shela,1,1144,Resale,Semi-Furnished,3rd,9,4409,5043838,15,11,0,Road,2024
Maninagar,1,1036,Under Construction,Semi-Furnished,5th+,5,4479,4640554,21,12,1,None,2022
Thaltej,2,2376,Resale,Semi-Furnished,1st,9,5850,13900401,15,6,0,Park,2025
Shela,4,1740,Under Construction,Unfurnished,Ground,1,4493,7817472,4,6,1,Road,2025
Shela,2,2210,Resale,Semi-Furnished,3rd,7,4720,10431575,9,18,1,Park,2025
Shela,1,1049,New,Fully-Furnished,3rd,3,5434,5700266,5,6,1,Road,2023
South Bopal,1,1902,Under Construction,Unfurnished,3rd,1,3442,6547635,25,10,1,None,2024
South Bopal,1,2406,Under Construction,Fully-Furnished,1st,2,3686,8867962,27,9,0,Lake,2025
Vastrapur,4,744,Resale,Semi-Furnished,3rd,3,6580,4895155,3,9,1,None,2023
Gota,4,1970,Resale,Semi-Furnished,Ground,1,4692,9243712,2,13,1,Lake,2024
SG Highway,3,1861,New,Fully-Furnished,5th+,5,6682,12436132,19,19,1,Road,2025
Gota,4,1806,New,Unfurnished,2nd,6,4272,7715232,11,17,1,Road,2023
Gota,1,2146,New,Semi-Furnished,2nd,6,3730,8003721,26,18,0,None,2023
Thaltej,2,1661,New,Unfurnished,3rd,4,5658,9397938,18,20,1,Road,2024
Maninagar,1,1421,Under Construction,Unfurnished,Ground,7,4968,7059528,8,5,0,Lake,2025
Chandkheda,1,1761,New,Semi-Furnished,5th+,1,4688,8256008,5,19,1,Park,2025
Gota,2,1827,Resale,Fully-Furnished,4th,3,4815,8797662,4,18,1,Park,2023
SG Highway,3,517,Resale,Semi-Furnished,1st,1,6359,3287635,15,9,0,Lake,2023
Maninagar,2,580,New,Unfurnished,5th+,6,5460,3166800,9,6,1,Lake,2024
South Bopal,4,2333,Under Construction,Unfurnished,5th+,5,3305,7710098,28,5,0,Lake,2022
SG Highway,4,1612,Under Construction,Unfurnished,5th+,2,6548,10554570,3,4,0,None,2023
Bopal,1,1451,Under Construction,Fully-Furnished,3rd,5,4138,6004528,24,7,0,Road,2021
Maninagar,1,1126,Resale,Fully-Furnished,1st,8,6019,6777619,4,6,1,Lake,2021
Satellite,4,1197,Under Construction,Fully-Furnished,Ground,5,7057,8446893,1,16,0,Road,2021
Vastrapur,2,831,Resale,Fully-Furnished,1st,9,6040,5019323,15,18,0,None,2023
Thaltej,1,1707,Under Construction,Semi-Furnished,Ground,8,5999,10240054,8,4,0,Park,2025
Naranpura,3,2222,Under Construction,Fully-Furnished,4th,2,5301,11779821,15,12,1,Road,2022
Bopal,3,1345,Under Construction,Fully-Furnished,2nd,3,5391,7250289,1,14,0,Park,2025
SG Highway,1,738,Under Construction,Unfurnished,Ground,10,6615,4881870,2,15,1,Park,2023
Thaltej,2,1403,Under Construction,Fully-Furnished,1st,9,6216,8721342,9,15,0,None,2023
SG Highway,1,533,New,Unfurnished,3rd,2,5400,2878200,28,5,1,Park,2022
Satellite,3,2361,Under Construction,Semi-Furnished,4th,2,4899,11566255,28,20,1,None,2025
Vastrapur,3,691,Resale,Unfurnished,Ground,9,6395,4419221,1,19,1,None,2024
Shela,1,1742,Under Construction,Semi-Furnished,1st,10,4423,7704169,10,17,1,Lake,2025
Thaltej,4,1612,New,Fully-Furnished,4th,5,6300,10155116,17,8,1,Park,2023
Maninagar,3,562,Resale,Fully-Furnished,4th,6,5957,3347553,5,11,0,Park,2024
Maninagar,3,1579,Resale,Unfurnished,2nd,1,3990,6300209,30,14,0,Lake,2025
Nikol,2,2415,Resale,Unfurnished,5th+,9,3059,7387485,30,15,1,None,2021
Nikol,2,1982,Resale,Semi-Furnished,2nd,5,4359,8639686,5,13,0,Park,2024
Thaltej,2,1616,Resale,Semi-Furnished,4th,4,6126,9899046,11,12,1,Road,2023
SG Highway,1,2258,Under Construction,Fully-Furnished,1st,3,5198,11735955,30,3,1,Road,2025
Vastrapur,3,1985,New,Fully-Furnished,3rd,7,5460,10838894,27,10,0,Road,2021
Bopal,1,830,Under Construction,Semi-Furnished,Ground,9,4782,3968811,8,14,0,None,2024
Satellite,3,1066,Resale,Unfurnished,1st,1,5882,6270638,14,11,0,None,2023
Gota,1,2462,Under Construction,Semi-Furnished,4th,6,4082,10050868,10,4,0,Road,2025
Maninagar,2,1993,New,Semi-Furnished,5th+,9,5166,10295838,18,13,0,Road,2022
Vastrapur,2,1313,New,Semi-Furnished,5th+,1,6212,8156093,13,11,1,Road,2025
South Bopal,2,2067,Resale,Semi-Furnished,3rd,6,4477,9253504,12,16,0,Park,2024
Chandkheda,3,2296,New,Unfurnished,3rd,5,3995,9172520,15,14,1,Lake,2025
